timestamp,rtt_ms
1790802570,0.074
1790802571,0.067
1790802572,0.068
1790802573,0.283
1790802574,0.067
1790802575,0.182
1790802576,0.067
1790802577,0.130
1790802578,0.080
1790802579,0.182
1790802580,0.077
1790802581,0.069
1790802582,0.067
1790802583,0.066
1790802585,0.701
1790802586,0.076
1790802587,0.069
1790802588,0.069
1790802589,0.143
1790802590,0.071
1790802591,0.065
1790802592,0.070
1790802593,0.066
1790802594,0.071
1790802595,0.187
1790802596,0.066
1790802597,0.074
1790802598,0.244
1790802599,0.144
1790802600,0.068
1790802602,0.065
1790802603,0.065
1790802604,0.072
1790802605,0.068
1790802606,0.074
1790802607,0.075
1790802608,0.069
1790802609,0.140
1790802610,NaN
1790802612,NaN
1790802614,NaN
1790802616,NaN
1790802618,NaN
1790802620,NaN
1790802622,NaN
1790802625,NaN
1790802627,NaN
1790802629,NaN
1790802631,0.236
1790802632,0.093
1790802633,0.696
1790802634,0.254
1790802635,0.183
1790802636,0.193
1790802637,0.096
1790802638,0.095
1790802639,0.083
1790802640,0.311
1790802641,0.530
1790802642,0.144
1790802643,0.176
1790802645,0.156
1790802646,0.125
1790802647,0.167
1790802648,0.092
1790802649,0.091
1790802650,0.227
1790802651,0.067
1790802652,0.127
1790802653,0.067
1790802654,0.065
1790802655,0.067
1790802656,0.070
1790802657,0.073
1790802658,0.151
1790802659,0.076
1790802661,0.069
1790802662,0.069
1790802663,0.068
1790802664,0.064
1790802665,0.147
1790802666,0.622
1790802667,0.066
1790802668,0.067
1790802669,0.066
1790802670,0.068
1790802671,0.067
1790802672,0.070
1790802673,0.068
1790802674,0.178
1790802675,0.072
1790802676,0.068
1790802678,0.065
1790802679,0.071
1790802680,0.070
1790802681,0.207
1790802682,0.069
1790802683,0.068
1790802684,0.066
1790802685,0.070
1790802686,0.554
1790802687,0.065
1790802688,0.066
1790802689,0.067
