timestamp,router,table_size
1790801557,r1,16
1790801557,r2,16
1790801557,r3,16
1790801557,r4,16
1790801557,r5,16
1790801559,r1,16
1790801559,r2,16
1790801559,r3,16
1790801559,r4,16
1790801559,r5,16
1790801561,r1,16
1790801561,r2,16
1790801561,r3,16
1790801561,r4,16
1790801561,r5,16
1790801564,r1,16
1790801564,r2,16
1790801564,r3,16
1790801564,r4,16
1790801564,r5,16
1790801566,r1,16
1790801566,r2,16
1790801566,r3,16
1790801566,r4,16
1790801566,r5,16
1790801568,r1,16
1790801568,r2,16
1790801568,r3,16
1790801568,r4,16
1790801568,r5,16
1790801570,r1,16
1790801570,r2,16
1790801570,r3,16
1790801570,r4,16
1790801570,r5,16
1790801573,r1,16
1790801573,r2,16
1790801573,r3,16
1790801573,r4,16
1790801573,r5,16
1790801575,r1,16
1790801575,r2,16
1790801575,r3,16
1790801575,r4,16
1790801575,r5,16
1790801577,r1,16
1790801577,r2,16
1790801577,r3,16
1790801577,r4,16
1790801577,r5,16
1790801579,r1,16
1790801579,r2,16
1790801579,r3,16
1790801579,r4,16
1790801579,r5,16
1790801582,r1,16
1790801582,r2,16
1790801582,r3,16
1790801582,r4,16
1790801582,r5,16
1790801584,r1,16
1790801584,r2,16
1790801584,r3,16
1790801584,r4,16
1790801584,r5,16
1790801586,r1,16
1790801586,r2,16
1790801586,r3,16
1790801586,r4,16
1790801586,r5,16
1790801588,r1,16
1790801588,r2,16
1790801588,r3,16
1790801588,r4,16
1790801588,r5,16
1790801590,r1,16
1790801590,r2,16
1790801590,r3,16
1790801590,r4,16
1790801590,r5,16
1790801593,r1,16
1790801593,r2,16
1790801593,r3,16
1790801593,r4,16
1790801593,r5,16
1790801595,r1,16
1790801595,r2,16
1790801595,r3,16
1790801595,r4,16
1790801595,r5,16
1790801597,r1,13
1790801597,r2,15
1790801597,r3,15
1790801597,r4,14
1790801597,r5,14
1790801599,r1,15
1790801599,r2,15
1790801599,r3,15
1790801599,r4,15
1790801599,r5,15
1790801602,r1,15
1790801602,r2,15
1790801602,r3,15
1790801602,r4,15
1790801602,r5,15
1790801604,r1,15
1790801604,r2,15
1790801604,r3,15
1790801604,r4,15
1790801604,r5,15
1790801606,r1,15
1790801606,r2,15
1790801606,r3,15
1790801606,r4,15
1790801606,r5,15
1790801608,r1,15
1790801608,r2,15
1790801608,r3,15
1790801608,r4,15
1790801608,r5,15
1790801611,r1,15
1790801611,r2,15
1790801611,r3,15
1790801611,r4,15
1790801611,r5,15
1790801613,r1,15
1790801613,r2,15
1790801613,r3,15
1790801613,r4,15
1790801613,r5,15
1790801616,r1,15
1790801616,r2,15
1790801616,r3,15
1790801616,r4,15
1790801616,r5,15
1790801618,r1,15
1790801618,r2,15
1790801618,r3,15
1790801618,r4,15
1790801618,r5,15
1790801620,r1,15
1790801620,r2,15
1790801620,r3,15
1790801620,r4,15
1790801620,r5,15
1790801622,r1,15
1790801622,r2,15
1790801622,r3,15
1790801622,r4,15
1790801622,r5,15
1790801624,r1,15
1790801624,r2,15
1790801624,r3,15
1790801624,r4,15
1790801624,r5,15
1790801627,r1,15
1790801627,r2,15
1790801627,r3,15
1790801627,r4,15
1790801627,r5,15
1790801629,r1,16
1790801629,r2,16
1790801629,r3,16
1790801629,r4,16
1790801629,r5,16
1790801631,r1,16
1790801631,r2,16
1790801631,r3,16
1790801631,r4,16
1790801631,r5,16
1790801633,r1,16
1790801633,r2,16
1790801633,r3,16
1790801633,r4,16
1790801633,r5,16
1790801636,r1,16
1790801636,r2,16
1790801636,r3,16
1790801636,r4,16
1790801636,r5,16
1790801638,r1,16
1790801638,r2,16
1790801638,r3,16
1790801638,r4,16
1790801638,r5,16
1790801640,r1,16
1790801640,r2,16
1790801640,r3,16
1790801640,r4,16
1790801640,r5,16
1790801642,r1,16
1790801642,r2,16
1790801642,r3,16
1790801642,r4,16
1790801642,r5,16
1790801645,r1,16
1790801645,r2,16
1790801645,r3,16
1790801645,r4,16
1790801645,r5,16
1790801647,r1,16
1790801647,r2,16
1790801647,r3,16
1790801647,r4,16
1790801647,r5,16
1790801649,r1,16
1790801649,r2,16
1790801649,r3,16
1790801649,r4,16
1790801649,r5,16
1790801651,r1,16
1790801651,r2,16
1790801651,r3,16
1790801651,r4,16
1790801651,r5,16
1790801653,r1,16
1790801653,r2,16
1790801653,r3,16
1790801653,r4,16
1790801653,r5,16
1790801656,r1,16
1790801656,r2,16
1790801656,r3,16
1790801656,r4,16
1790801656,r5,16
1790801658,r1,16
1790801658,r2,16
1790801658,r3,16
1790801658,r4,16
1790801658,r5,16
1790801660,r1,16
1790801660,r2,16
1790801660,r3,16
1790801660,r4,16
1790801660,r5,16
1790801662,r1,16
1790801662,r2,16
1790801662,r3,16
1790801662,r4,16
1790801662,r5,16
1790801665,r1,16
1790801665,r2,16
1790801665,r3,16
1790801665,r4,16
1790801665,r5,16
1790801667,r1,16
1790801667,r2,16
1790801667,r3,16
1790801667,r4,16
1790801667,r5,16
1790801669,r1,16
1790801669,r2,16
1790801669,r3,16
1790801669,r4,16
1790801669,r5,16
1790801671,r1,16
1790801671,r2,16
1790801671,r3,16
1790801671,r4,16
1790801671,r5,16
1790801674,r1,16
1790801674,r2,16
1790801674,r3,16
1790801674,r4,16
1790801674,r5,16
1790801676,r1,16
1790801676,r2,16
1790801676,r3,16
1790801676,r4,16
1790801676,r5,16
